﻿<?xml version="1.0" encoding="utf-8"?>
<abapGit version="v1.0.0" serializer="LCL_OBJECT_CMOD" serializer_version="v1.0.0">
 <asx:abap xmlns:asx="http://www.sap.com/abapxml" version="1.0">
  <asx:values>
   <MODACT>
    <MODACT>
     <NAME>MRMH0002</NAME>
    </MODACT>
    <MODACT>
     <NAME>MRMH0002</NAME>
     <MEMBER>MRMH0002</MEMBER>
    </MODACT>
   </MODACT>
   <MODTEXT>
    <MODTEXT>
     <SPRSL>E</SPRSL>
     <NAME>MRMH0002</NAME>
     <MODTEXT>Logistics Invoice Verification: EDI inbound</MODTEXT>
    </MODTEXT>
   </MODTEXT>
   <MODATTR>
    <MODATTR>
     <NAME>MRMH0002</NAME>
     <STATUS>A</STATUS>
    </MODATTR>
   </MODATTR>
  </asx:values>
 </asx:abap>
</abapGit>
