﻿<?xml version="1.0" encoding="utf-8"?>
<abapGit version="v1.0.0" serializer="LCL_OBJECT_TABL" serializer_version="v1.0.0">
 <asx:abap xmlns:asx="http://www.sap.com/abapxml" version="1.0">
  <asx:values>
   <DD02V>
    <TABNAME>Z1LFB1M_PAYMENT_TERM</TABNAME>
    <DDLANGUAGE>E</DDLANGUAGE>
    <TABCLASS>INTTAB</TABCLASS>
    <DDTEXT>Vendor Master Company Code: Payment term</DDTEXT>
    <MASTERLANG>E</MASTERLANG>
    <EXCLASS>1</EXCLASS>
   </DD02V>
   <DD03P_TABLE>
    <DD03P>
     <TABNAME>Z1LFB1M_PAYMENT_TERM</TABNAME>
     <FIELDNAME>ZLSCH</FIELDNAME>
     <DDLANGUAGE>E</DDLANGUAGE>
     <POSITION>0001</POSITION>
     <ADMINFIELD>0</ADMINFIELD>
     <INTTYPE>C</INTTYPE>
     <INTLEN>000002</INTLEN>
     <DATATYPE>CHAR</DATATYPE>
     <LENG>000001</LENG>
     <MASK>  CHAR</MASK>
    </DD03P>
    <DD03P>
     <TABNAME>Z1LFB1M_PAYMENT_TERM</TABNAME>
     <FIELDNAME>TEXT</FIELDNAME>
     <DDLANGUAGE>E</DDLANGUAGE>
     <POSITION>0002</POSITION>
     <ADMINFIELD>0</ADMINFIELD>
     <INTTYPE>C</INTTYPE>
     <INTLEN>000060</INTLEN>
     <DATATYPE>CHAR</DATATYPE>
     <LENG>000030</LENG>
     <MASK>  CHAR</MASK>
    </DD03P>
   </DD03P_TABLE>
   <SEGMENT_DEFINITION>
    <item>
     <SEGMENTHEADER>
      <SEGTYP>Z1LFB1M_PAYMENT_TERM</SEGTYP>
      <DESCRP>Vendor Master Company Code: Payment term</DESCRP>
     </SEGMENTHEADER>
     <SEGMENTDEFINITION>
      <SEGTYP>Z1LFB1M_PAYMENT_TERM</SEGTYP>
      <SEGDEF>Z2LFB1M_PAYMENT_TERM000</SEGDEF>
      <RELEASED>740</RELEASED>
      <CLOSED>X</CLOSED>
      <FIELDNUM>0002</FIELDNUM>
      <EXPLENG>0031</EXPLENG>
     </SEGMENTDEFINITION>
     <SEGMENTSTRUCTURES>
      <EDISEGSTRU>
       <SEGTYP>Z1LFB1M_PAYMENT_TERM</SEGTYP>
       <POS>0001</POS>
       <FIELDNAME>ZLSCH</FIELDNAME>
       <ROLLNAME>DZLSCH</ROLLNAME>
       <EXPLENG>0001</EXPLENG>
      </EDISEGSTRU>
      <EDISEGSTRU>
       <SEGTYP>Z1LFB1M_PAYMENT_TERM</SEGTYP>
       <POS>0002</POS>
       <FIELDNAME>TEXT</FIELDNAME>
       <ROLLNAME>TEXT1_042Z</ROLLNAME>
       <EXPLENG>0030</EXPLENG>
      </EDISEGSTRU>
     </SEGMENTSTRUCTURES>
    </item>
   </SEGMENT_DEFINITION>
  </asx:values>
 </asx:abap>
</abapGit>
