﻿<?xml version="1.0" encoding="utf-8"?>
<abapGit version="v1.0.0" serializer="LCL_OBJECT_TABL" serializer_version="v1.0.0">
 <asx:abap xmlns:asx="http://www.sap.com/abapxml" version="1.0">
  <asx:values>
   <DD02V>
    <TABNAME>Z1LFA1M</TABNAME>
    <DDLANGUAGE>E</DDLANGUAGE>
    <TABCLASS>INTTAB</TABCLASS>
    <DDTEXT>Segment for general vendor data</DDTEXT>
    <MASTERLANG>E</MASTERLANG>
    <EXCLASS>1</EXCLASS>
   </DD02V>
   <DD03P_TABLE>
    <DD03P>
     <TABNAME>Z1LFA1M</TABNAME>
     <FIELDNAME>ADDR_SHORT</FIELDNAME>
     <DDLANGUAGE>E</DDLANGUAGE>
     <POSITION>0001</POSITION>
     <ADMINFIELD>0</ADMINFIELD>
     <INTTYPE>C</INTTYPE>
     <INTLEN>000160</INTLEN>
     <DATATYPE>CHAR</DATATYPE>
     <LENG>000080</LENG>
     <MASK>  CHAR</MASK>
    </DD03P>
    <DD03P>
     <TABNAME>Z1LFA1M</TABNAME>
     <FIELDNAME>WAERS</FIELDNAME>
     <DDLANGUAGE>E</DDLANGUAGE>
     <POSITION>0002</POSITION>
     <ADMINFIELD>0</ADMINFIELD>
     <INTTYPE>C</INTTYPE>
     <INTLEN>000010</INTLEN>
     <DATATYPE>CHAR</DATATYPE>
     <LENG>000005</LENG>
     <MASK>  CHAR</MASK>
    </DD03P>
   </DD03P_TABLE>
   <SEGMENT_DEFINITION>
    <item>
     <SEGMENTHEADER>
      <SEGTYP>Z1LFA1M</SEGTYP>
      <DESCRP>Segment for general vendor data</DESCRP>
     </SEGMENTHEADER>
     <SEGMENTDEFINITION>
      <SEGTYP>Z1LFA1M</SEGTYP>
      <SEGDEF>Z2LFA1M000</SEGDEF>
      <RELEASED>740</RELEASED>
      <CLOSED>X</CLOSED>
      <FIELDNUM>0002</FIELDNUM>
      <EXPLENG>0085</EXPLENG>
     </SEGMENTDEFINITION>
     <SEGMENTSTRUCTURES>
      <EDISEGSTRU>
       <SEGTYP>Z1LFA1M</SEGTYP>
       <POS>0001</POS>
       <FIELDNAME>ADDR_SHORT</FIELDNAME>
       <ROLLNAME>AD_LINE_S</ROLLNAME>
       <EXPLENG>0080</EXPLENG>
      </EDISEGSTRU>
      <EDISEGSTRU>
       <SEGTYP>Z1LFA1M</SEGTYP>
       <POS>0002</POS>
       <FIELDNAME>WAERS</FIELDNAME>
       <ROLLNAME>WAERS</ROLLNAME>
       <EXPLENG>0005</EXPLENG>
      </EDISEGSTRU>
     </SEGMENTSTRUCTURES>
    </item>
   </SEGMENT_DEFINITION>
  </asx:values>
 </asx:abap>
</abapGit>
