﻿<?xml version="1.0" encoding="utf-8"?>
<abapGit version="v1.0.0" serializer="LCL_OBJECT_TABL" serializer_version="v1.0.0">
 <asx:abap xmlns:asx="http://www.sap.com/abapxml" version="1.0">
  <asx:values>
   <DD02V>
    <TABNAME>Z1LINK</TABNAME>
    <DDLANGUAGE>E</DDLANGUAGE>
    <TABCLASS>INTTAB</TABCLASS>
    <DDTEXT>IDoc: Linked document</DDTEXT>
    <MASTERLANG>E</MASTERLANG>
    <EXCLASS>1</EXCLASS>
   </DD02V>
   <DD03P_TABLE>
    <DD03P>
     <TABNAME>Z1LINK</TABNAME>
     <FIELDNAME>NAME</FIELDNAME>
     <DDLANGUAGE>E</DDLANGUAGE>
     <POSITION>0001</POSITION>
     <ADMINFIELD>0</ADMINFIELD>
     <INTTYPE>C</INTTYPE>
     <INTLEN>000510</INTLEN>
     <DATATYPE>CHAR</DATATYPE>
     <LENG>000255</LENG>
     <MASK>  CHAR</MASK>
    </DD03P>
    <DD03P>
     <TABNAME>Z1LINK</TABNAME>
     <FIELDNAME>TYPE</FIELDNAME>
     <DDLANGUAGE>E</DDLANGUAGE>
     <POSITION>0002</POSITION>
     <ADMINFIELD>0</ADMINFIELD>
     <INTTYPE>C</INTTYPE>
     <INTLEN>000006</INTLEN>
     <DATATYPE>CHAR</DATATYPE>
     <LENG>000003</LENG>
     <MASK>  CHAR</MASK>
    </DD03P>
   </DD03P_TABLE>
   <SEGMENT_DEFINITION>
    <item>
     <SEGMENTHEADER>
      <SEGTYP>Z1LINK</SEGTYP>
      <DESCRP>IDoc: Linked document</DESCRP>
     </SEGMENTHEADER>
     <SEGMENTDEFINITION>
      <SEGTYP>Z1LINK</SEGTYP>
      <SEGDEF>Z2LINK000</SEGDEF>
      <RELEASED>740</RELEASED>
      <CLOSED>X</CLOSED>
      <FIELDNUM>0002</FIELDNUM>
      <EXPLENG>0258</EXPLENG>
     </SEGMENTDEFINITION>
     <SEGMENTSTRUCTURES>
      <EDISEGSTRU>
       <SEGTYP>Z1LINK</SEGTYP>
       <POS>0001</POS>
       <FIELDNAME>NAME</FIELDNAME>
       <ROLLNAME>DFILE_NAME</ROLLNAME>
       <EXPLENG>0255</EXPLENG>
      </EDISEGSTRU>
      <EDISEGSTRU>
       <SEGTYP>Z1LINK</SEGTYP>
       <POS>0002</POS>
       <FIELDNAME>TYPE</FIELDNAME>
       <ROLLNAME>SO_OBJ_TP</ROLLNAME>
       <EXPLENG>0003</EXPLENG>
      </EDISEGSTRU>
     </SEGMENTSTRUCTURES>
    </item>
   </SEGMENT_DEFINITION>
  </asx:values>
 </asx:abap>
</abapGit>
