﻿<?xml version="1.0" encoding="utf-8"?>
<abapGit version="v1.0.0" serializer="LCL_OBJECT_SRFC" serializer_version="v1.0.0">
 <asx:abap xmlns:asx="http://www.sap.com/abapxml" version="1.0">
  <asx:values>
   <SRFC>
    <HEADER>
     <ID>Z_MR1M_READSOFT_IDOCS_ORDERS</ID>
     <VERSION>A</VERSION>
     <SCOPE>S</SCOPE>
     <FUNCNAME>Z_MR1M_READSOFT_IDOCS_ORDERS</FUNCNAME>
    </HEADER>
    <TEXT>
     <ID>Z_MR1M_READSOFT_IDOCS_ORDERS</ID>
     <VERSION>A</VERSION>
     <LANG>E</LANG>
     <SHORTTEXT>Default RFC Service for Function-Module: Z_MR1M_READSOFT_IDOCS_ORDERS</SHORTTEXT>
    </TEXT>
   </SRFC>
  </asx:values>
 </asx:abap>
</abapGit>
