﻿<?xml version="1.0" encoding="utf-8"?>
<abapGit version="v1.0.0" serializer="LCL_OBJECT_SXCI" serializer_version="v1.0.0">
 <asx:abap xmlns:asx="http://www.sap.com/abapxml" version="1.0">
  <asx:values>
   <SXCI>
    <IMPLEMENTATION_DATA>
     <IMP_NAME>ZBI_VENDOR_DATA_BI</IMP_NAME>
     <TEXT>Additional Data for Vendors (Batch Input and ALE)</TEXT>
     <IMP_CLASS>ZCL_VENDOR_ADD_DATA_BI</IMP_CLASS>
     <EXIT_NAME>VENDOR_ADD_DATA_BI</EXIT_NAME>
     <INTER_NAME>IF_EX_VENDOR_ADD_DATA_BI</INTER_NAME>
    </IMPLEMENTATION_DATA>
   </SXCI>
  </asx:values>
 </asx:abap>
</abapGit>
