﻿<?xml version="1.0" encoding="utf-8"?>
<abapGit version="v1.0.0" serializer="LCL_OBJECT_CLAS" serializer_version="v1.0.0">
 <asx:abap xmlns:asx="http://www.sap.com/abapxml" version="1.0">
  <asx:values>
   <VSEOCLASS>
    <CLSNAME>ZCL_VENDOR_ADD_DATA_BI</CLSNAME>
    <LANGU>E</LANGU>
    <DESCRIPT>Additional Data for Vendors (Batch Input and ALE)</DESCRIPT>
    <STATE>1</STATE>
    <CLSCCINCL>X</CLSCCINCL>
    <FIXPT>X</FIXPT>
    <UNICODE>X</UNICODE>
   </VSEOCLASS>
   <DESCRIPTIONS>
    <SEOCOMPOTX>
     <CLSNAME>ZCL_VENDOR_ADD_DATA_BI</CLSNAME>
     <CMPNAME>GR_LFA1</CMPNAME>
     <LANGU>E</LANGU>
     <DESCRIPT>Vendor Master (General Section)</DESCRIPT>
    </SEOCOMPOTX>
    <SEOCOMPOTX>
     <CLSNAME>ZCL_VENDOR_ADD_DATA_BI</CLSNAME>
     <CMPNAME>SET</CMPNAME>
     <LANGU>E</LANGU>
     <DESCRIPT>Set IDOC segment</DESCRIPT>
    </SEOCOMPOTX>
   </DESCRIPTIONS>
  </asx:values>
 </asx:abap>
</abapGit>
