﻿<?xml version="1.0" encoding="utf-8"?>
<abapGit version="v1.0.0" serializer="LCL_OBJECT_SHLP" serializer_version="v1.0.0">
 <asx:abap xmlns:asx="http://www.sap.com/abapxml" version="1.0">
  <asx:values>
   <DD30V>
    <SHLPNAME>ZCPRFCDES_FTP</SHLPNAME>
    <DDLANGUAGE>E</DDLANGUAGE>
    <DDTEXT>RFC Destinations for CPIC Ports</DDTEXT>
    <ISSIMPLE>X</ISSIMPLE>
    <SELMETHOD>ZVRFCDES_FTP</SELMETHOD>
    <SELMTYPE>V</SELMTYPE>
    <DIALOGTYPE>D</DIALOGTYPE>
    <FUZZY_SIMILARITY>0.8</FUZZY_SIMILARITY>
   </DD30V>
   <DD32P_TABLE>
    <DD32P>
     <SHLPNAME>ZCPRFCDES_FTP</SHLPNAME>
     <FIELDNAME>RFCDEST</FIELDNAME>
     <FLPOSITION>0001</FLPOSITION>
     <ROLLNAME>RFCDEST</ROLLNAME>
     <SHLPINPUT>X</SHLPINPUT>
     <SHLPOUTPUT>X</SHLPOUTPUT>
     <SHLPSELPOS>01</SHLPSELPOS>
     <SHLPLISPOS>01</SHLPLISPOS>
     <SCRLEN3>15</SCRLEN3>
    </DD32P>
    <DD32P>
     <SHLPNAME>ZCPRFCDES_FTP</SHLPNAME>
     <FIELDNAME>RFCDOC1</FIELDNAME>
     <FLPOSITION>0002</FLPOSITION>
     <ROLLNAME>RFCDOC_D</ROLLNAME>
     <SHLPLISPOS>02</SHLPLISPOS>
     <SCRLEN3>20</SCRLEN3>
    </DD32P>
    <DD32P>
     <SHLPNAME>ZCPRFCDES_FTP</SHLPNAME>
     <FIELDNAME>RFCLANG</FIELDNAME>
     <FLPOSITION>0003</FLPOSITION>
     <ROLLNAME>SPRAS</ROLLNAME>
     <DEFAULTVAL>SYST-LANGU</DEFAULTVAL>
     <DEFAULTTYP>S</DEFAULTTYP>
     <SCRLEN3>20</SCRLEN3>
    </DD32P>
   </DD32P_TABLE>
  </asx:values>
 </asx:abap>
</abapGit>
