﻿<?xml version="1.0" encoding="utf-8"?>
<abapGit version="v1.0.0" serializer="LCL_OBJECT_SHLP" serializer_version="v1.0.0">
 <asx:abap xmlns:asx="http://www.sap.com/abapxml" version="1.0">
  <asx:values>
   <DD30V>
    <SHLPNAME>ZEDI_MESTYP_INVOIC02</SHLPNAME>
    <DDLANGUAGE>E</DDLANGUAGE>
    <DDTEXT>CA-EDI: Message type for INVOIC02 IDOC</DDTEXT>
    <ISSIMPLE>X</ISSIMPLE>
    <SELMETHOD>ZVEDIMSG</SELMETHOD>
    <SELMTYPE>V</SELMTYPE>
    <DIALOGTYPE>D</DIALOGTYPE>
    <FUZZY_SIMILARITY>0.8</FUZZY_SIMILARITY>
   </DD30V>
   <DD32P_TABLE>
    <DD32P>
     <SHLPNAME>ZEDI_MESTYP_INVOIC02</SHLPNAME>
     <FIELDNAME>MESTYP</FIELDNAME>
     <FLPOSITION>0001</FLPOSITION>
     <ROLLNAME>EDI_MESTYP</ROLLNAME>
     <SHLPINPUT>X</SHLPINPUT>
     <SHLPOUTPUT>X</SHLPOUTPUT>
     <SHLPSELPOS>01</SHLPSELPOS>
     <SHLPLISPOS>01</SHLPLISPOS>
     <SCRLEN3>18</SCRLEN3>
    </DD32P>
    <DD32P>
     <SHLPNAME>ZEDI_MESTYP_INVOIC02</SHLPNAME>
     <FIELDNAME>IDOCTYP</FIELDNAME>
     <FLPOSITION>0002</FLPOSITION>
     <ROLLNAME>EDI_IDOCTP</ROLLNAME>
     <DEFAULTVAL>&apos;INVOIC02&apos;</DEFAULTVAL>
     <DEFAULTTYP>L</DEFAULTTYP>
     <SCRLEN3>20</SCRLEN3>
    </DD32P>
    <DD32P>
     <SHLPNAME>ZEDI_MESTYP_INVOIC02</SHLPNAME>
     <FIELDNAME>CIMTYP</FIELDNAME>
     <FLPOSITION>0003</FLPOSITION>
     <ROLLNAME>EDI_CIMTYP</ROLLNAME>
     <DEFAULTVAL>&apos;ZINVOIC02&apos;</DEFAULTVAL>
     <DEFAULTTYP>L</DEFAULTTYP>
     <SCRLEN3>15</SCRLEN3>
    </DD32P>
    <DD32P>
     <SHLPNAME>ZEDI_MESTYP_INVOIC02</SHLPNAME>
     <FIELDNAME>LANGUA</FIELDNAME>
     <FLPOSITION>0004</FLPOSITION>
     <ROLLNAME>EDI_LANGUA</ROLLNAME>
     <DEFAULTVAL>SYST-LANGU</DEFAULTVAL>
     <DEFAULTTYP>S</DEFAULTTYP>
     <SCRLEN3>20</SCRLEN3>
    </DD32P>
    <DD32P>
     <SHLPNAME>ZEDI_MESTYP_INVOIC02</SHLPNAME>
     <FIELDNAME>DESCRP</FIELDNAME>
     <FLPOSITION>0005</FLPOSITION>
     <ROLLNAME>EDI_TEXT60</ROLLNAME>
     <SHLPLISPOS>02</SHLPLISPOS>
     <SCRLEN3>20</SCRLEN3>
    </DD32P>
   </DD32P_TABLE>
  </asx:values>
 </asx:abap>
</abapGit>
