﻿<?xml version="1.0" encoding="utf-8"?>
<abapGit version="v1.0.0" serializer="LCL_OBJECT_ENHO" serializer_version="v1.0.0">
 <asx:abap xmlns:asx="http://www.sap.com/abapxml" version="1.0">
  <asx:values>
   <TOOL>BADI_IMPL</TOOL>
   <SHORTTEXT>Additional Data for Vendors (Batch Input and ALE)</SHORTTEXT>
   <SPOT_NAME>VENDOR_ADD_DATA_BI</SPOT_NAME>
   <IMPL>
    <ENH_BADI_IMPL_DATA>
     <SPOT_NAME>VENDOR_ADD_DATA_BI</SPOT_NAME>
     <BADI_NAME>VENDOR_ADD_DATA_BI</BADI_NAME>
     <IMPL_NAME>ZBI_VENDOR_DATA_BI</IMPL_NAME>
     <IMPL_CLASS>ZCL_VENDOR_ADD_DATA_BI</IMPL_CLASS>
     <ACTIVE>X</ACTIVE>
     <IMPL_SHORTTEXT>Additional Data for Vendors (Batch Input and ALE)</IMPL_SHORTTEXT>
     <IMPL_SHORTTEXT_ID>0A8B8FAFF45C1EDB8DF1271F8758C318</IMPL_SHORTTEXT_ID>
     <MIG_BADI_IMPL>ZBI_VENDOR_DATA_BI</MIG_BADI_IMPL>
    </ENH_BADI_IMPL_DATA>
   </IMPL>
   <SOTR>
    <item>
     <HEADER>
      <CONCEPT>0A8B8FAFF45C1EDB8DF1271F8758C318</CONCEPT>
      <CREA_LAN>E</CREA_LAN>
      <TRALA_TYPE>1</TRALA_TYPE>
      <OBJID_VEC>AAI=</OBJID_VEC>
     </HEADER>
     <ENTRIES>
      <SOTR_TEXT>
       <CONCEPT>0A8B8FAFF45C1EDB8DF1271F8758C318</CONCEPT>
       <LANGU>E</LANGU>
       <LFD_NUM>0001</LFD_NUM>
       <FLAG_CNTXT>X</FLAG_CNTXT>
       <STATUS>R</STATUS>
       <LENGTH>074</LENGTH>
       <TEXT>Additional Data for Vendors (Batch Input and ALE)</TEXT>
      </SOTR_TEXT>
     </ENTRIES>
    </item>
    <item>
     <HEADER>
      <CONCEPT>0A8B8FAFF45C1EDB92B10387DCDB231A</CONCEPT>
      <CREA_LAN>E</CREA_LAN>
      <TRALA_TYPE>1</TRALA_TYPE>
      <OBJID_VEC>AAI=</OBJID_VEC>
     </HEADER>
     <ENTRIES>
      <SOTR_TEXT>
       <CONCEPT>0A8B8FAFF45C1EDB92B10387DCDB231A</CONCEPT>
       <LANGU>E</LANGU>
       <LFD_NUM>0001</LFD_NUM>
       <FLAG_CNTXT>X</FLAG_CNTXT>
       <STATUS>R</STATUS>
       <LENGTH>074</LENGTH>
       <TEXT>Additional Data for Vendors (Batch Input and ALE)</TEXT>
      </SOTR_TEXT>
     </ENTRIES>
    </item>
   </SOTR>
   <SOTR_USE>
    <SOTR_USE>
     <PGMID>R3TR</PGMID>
     <OBJECT>ENHO</OBJECT>
     <OBJ_NAME>ZEHI_VENDOR_ADD_DATA_BI</OBJ_NAME>
     <CONCEPT>0A8B8FAFF45C1EDB8DF1271F8758C318</CONCEPT>
     <LFD_NUM>0001</LFD_NUM>
    </SOTR_USE>
    <SOTR_USE>
     <PGMID>R3TR</PGMID>
     <OBJECT>ENHO</OBJECT>
     <OBJ_NAME>ZEHI_VENDOR_ADD_DATA_BI</OBJ_NAME>
     <CONCEPT>0A8B8FAFF45C1EDB92B10387DCDB231A</CONCEPT>
     <LFD_NUM>0001</LFD_NUM>
    </SOTR_USE>
   </SOTR_USE>
  </asx:values>
 </asx:abap>
</abapGit>
