﻿<?xml version="1.0" encoding="utf-8"?>
<abapGit version="v1.0.0" serializer="LCL_OBJECT_ENHO" serializer_version="v1.0.0">
 <asx:abap xmlns:asx="http://www.sap.com/abapxml" version="1.0">
  <asx:values>
   <TOOL>HOOK_IMPL</TOOL>
   <SHORTTEXT>SAPLMRMH</SHORTTEXT>
   <ORIGINAL_OBJECT>
    <PGMID>R3TR</PGMID>
    <ORG_OBJ_TYPE>FUGR</ORG_OBJ_TYPE>
    <ORG_OBJ_NAME>MRMH</ORG_OBJ_NAME>
    <ORG_MAIN_TYPE>FUGR</ORG_MAIN_TYPE>
    <ORG_MAIN_NAME>MRMH</ORG_MAIN_NAME>
    <PROGRAMNAME>SAPLMRMH</PROGRAMNAME>
   </ORIGINAL_OBJECT>
   <ENHANCEMENTS>
    <ENH_HOOK_IMPL>
     <PROGRAMNAME>SAPLMRMH</PROGRAMNAME>
     <ENHMODE>D</ENHMODE>
     <FULL_NAME>\PR:SAPLMRMH\FO:MRM_INVOICE_CREATE\SE:END\EI</FULL_NAME>
     <SOURCE>
      <item>  zcl_saplmrmh=&gt;instance( )-&gt;create( EXPORTING iv_docnum = i_contrl-docnum iv_belnr = e_belnr iv_gjahr = e_gjahr CHANGING cv_subrc = e_subrc ct_edids = t_idoc_status[] ).</item>
     </SOURCE>
    </ENH_HOOK_IMPL>
   </ENHANCEMENTS>
   <SOTR>
    <item>
     <HEADER>
      <CONCEPT>0A8B8FAFF45C1ED8B6EEF0E95F7C629B</CONCEPT>
      <CREA_LAN>E</CREA_LAN>
      <TRALA_TYPE>1</TRALA_TYPE>
      <OBJID_VEC>AAI=</OBJID_VEC>
     </HEADER>
     <ENTRIES>
      <SOTR_TEXT>
       <CONCEPT>0A8B8FAFF45C1ED8B6EEF0E95F7C629B</CONCEPT>
       <LANGU>E</LANGU>
       <LFD_NUM>0001</LFD_NUM>
       <FLAG_CNTXT>X</FLAG_CNTXT>
       <STATUS>R</STATUS>
       <LENGTH>018</LENGTH>
       <TEXT>SAPLMRMH</TEXT>
      </SOTR_TEXT>
     </ENTRIES>
    </item>
   </SOTR>
   <SOTR_USE>
    <SOTR_USE>
     <PGMID>R3TR</PGMID>
     <OBJECT>ENHO</OBJECT>
     <OBJ_NAME>ZEHI_SAPLMRMH</OBJ_NAME>
     <CONCEPT>0A8B8FAFF45C1ED8B6EEF0E95F7C629B</CONCEPT>
     <LFD_NUM>0001</LFD_NUM>
    </SOTR_USE>
   </SOTR_USE>
  </asx:values>
 </asx:abap>
</abapGit>
