﻿<?xml version="1.0" encoding="utf-8"?>
<abapGit version="v1.0.0" serializer="LCL_OBJECT_ENHO" serializer_version="v1.0.0">
 <asx:abap xmlns:asx="http://www.sap.com/abapxml" version="1.0">
  <asx:values>
   <TOOL>HOOK_IMPL</TOOL>
   <SHORTTEXT>Logistics invoice docking attachment</SHORTTEXT>
   <ORIGINAL_OBJECT>
    <PGMID>R3TR</PGMID>
    <ORG_OBJ_TYPE>FUGR</ORG_OBJ_TYPE>
    <ORG_OBJ_NAME>MR1M</ORG_OBJ_NAME>
    <ORG_MAIN_TYPE>FUGR</ORG_MAIN_TYPE>
    <ORG_MAIN_NAME>MR1M</ORG_MAIN_NAME>
    <PROGRAMNAME>SAPLMR1M</PROGRAMNAME>
   </ORIGINAL_OBJECT>
   <ENHANCEMENTS>
    <ENH_HOOK_IMPL>
     <SPOTNAME>ES_SAPLMR1M</SPOTNAME>
     <PROGRAMNAME>SAPLMR1M</PROGRAMNAME>
     <ENHMODE>D</ENHMODE>
     <FULL_NAME>\PR:SAPLMR1M\EX:EHP604_INIT_6000_OUTPUT_01\EI</FULL_NAME>
     <SOURCE>
      <item>  zcl_saplmr1m_docking_atta=&gt;instance( )-&gt;process( iv_repid = syst-repid iv_dynnr = syst-dynnr is_rbkpv = rbkpv ).</item>
     </SOURCE>
    </ENH_HOOK_IMPL>
   </ENHANCEMENTS>
   <SOTR>
    <item>
     <HEADER>
      <CONCEPT>0A8B8FAFF45C1ED8B6E4B2A2D38B429B</CONCEPT>
      <CREA_LAN>E</CREA_LAN>
      <TRALA_TYPE>1</TRALA_TYPE>
      <OBJID_VEC>AAI=</OBJID_VEC>
     </HEADER>
     <ENTRIES>
      <SOTR_TEXT>
       <CONCEPT>0A8B8FAFF45C1ED8B6E4B2A2D38B429B</CONCEPT>
       <LANGU>E</LANGU>
       <LFD_NUM>0001</LFD_NUM>
       <FLAG_CNTXT>X</FLAG_CNTXT>
       <STATUS>R</STATUS>
       <LENGTH>054</LENGTH>
       <TEXT>Logistics invoice docking attachment</TEXT>
      </SOTR_TEXT>
     </ENTRIES>
    </item>
   </SOTR>
   <SOTR_USE>
    <SOTR_USE>
     <PGMID>R3TR</PGMID>
     <OBJECT>ENHO</OBJECT>
     <OBJ_NAME>ZEHI_SAPLMR1M_DOCKING_ATTA</OBJ_NAME>
     <CONCEPT>0A8B8FAFF45C1ED8B6E4B2A2D38B429B</CONCEPT>
     <LFD_NUM>0001</LFD_NUM>
    </SOTR_USE>
   </SOTR_USE>
  </asx:values>
 </asx:abap>
</abapGit>
