﻿<?xml version="1.0" encoding="utf-8"?>
<abapGit version="v1.0.0" serializer="LCL_OBJECT_PROG" serializer_version="v1.0.0">
 <asx:abap xmlns:asx="http://www.sap.com/abapxml" version="1.0">
  <asx:values>
   <PROGDIR>
    <NAME>ZMR1M_READSOFT_INVOICE</NAME>
    <SUBC>1</SUBC>
    <APPL>M</APPL>
    <RSTAT>K</RSTAT>
    <RLOAD>E</RLOAD>
    <FIXPT>X</FIXPT>
    <UCCHECK>X</UCCHECK>
   </PROGDIR>
   <TPOOL>
    <item>
     <ID>I</ID>
     <KEY>S01</KEY>
     <ENTRY>FTP</ENTRY>
     <LENGTH>20</LENGTH>
    </item>
    <item>
     <ID>I</ID>
     <KEY>S02</KEY>
     <ENTRY>IDOC</ENTRY>
     <LENGTH>20</LENGTH>
    </item>
    <item>
     <ID>I</ID>
     <KEY>S03</KEY>
     <ENTRY>Logistics invoice</ENTRY>
     <LENGTH>20</LENGTH>
    </item>
    <item>
     <ID>R</ID>
     <ENTRY>Logistics invoice IDOC from Readsoft XML, PDF files by FTP</ENTRY>
     <LENGTH>58</LENGTH>
    </item>
    <item>
     <ID>S</ID>
     <KEY>PA_BLDAT</KEY>
     <ENTRY>.</ENTRY>
     <LENGTH>9</LENGTH>
     <SPLIT>D</SPLIT>
    </item>
    <item>
     <ID>S</ID>
     <KEY>PA_HOST</KEY>
     <ENTRY>Host</ENTRY>
     <LENGTH>12</LENGTH>
    </item>
    <item>
     <ID>S</ID>
     <KEY>PA_MESTY</KEY>
     <ENTRY>.</ENTRY>
     <LENGTH>20</LENGTH>
     <SPLIT>D</SPLIT>
    </item>
    <item>
     <ID>S</ID>
     <KEY>PA_PASS</KEY>
     <ENTRY>Password</ENTRY>
     <LENGTH>16</LENGTH>
    </item>
    <item>
     <ID>S</ID>
     <KEY>PA_PATH</KEY>
     <ENTRY>.</ENTRY>
     <LENGTH>12</LENGTH>
     <SPLIT>D</SPLIT>
    </item>
    <item>
     <ID>S</ID>
     <KEY>PA_RFCDE</KEY>
     <ENTRY>.</ENTRY>
     <LENGTH>23</LENGTH>
     <SPLIT>D</SPLIT>
    </item>
    <item>
     <ID>S</ID>
     <KEY>PA_SNDLS</KEY>
     <ENTRY>.</ENTRY>
     <LENGTH>22</LENGTH>
     <SPLIT>D</SPLIT>
    </item>
    <item>
     <ID>S</ID>
     <KEY>PA_USER</KEY>
     <ENTRY>User</ENTRY>
     <LENGTH>12</LENGTH>
    </item>
   </TPOOL>
   <I18N_TPOOL>
    <item>
     <LANGUAGE>N</LANGUAGE>
     <TEXTPOOL>
      <item>
       <ID>I</ID>
       <KEY>001</KEY>
       <ENTRY>FTP</ENTRY>
       <LENGTH>10</LENGTH>
      </item>
      <item>
       <ID>I</ID>
       <KEY>002</KEY>
       <ENTRY>IDOC</ENTRY>
       <LENGTH>10</LENGTH>
      </item>
      <item>
       <ID>I</ID>
       <KEY>S01</KEY>
       <ENTRY>FTP</ENTRY>
       <LENGTH>10</LENGTH>
      </item>
      <item>
       <ID>I</ID>
       <KEY>S02</KEY>
       <ENTRY>IDOC</ENTRY>
       <LENGTH>10</LENGTH>
      </item>
      <item>
       <ID>R</ID>
       <ENTRY>Logistieke factuur IDOC op basis van Formstar XML, PDF bestanden</ENTRY>
       <LENGTH>70</LENGTH>
      </item>
      <item>
       <ID>S</ID>
       <KEY>PA_HOST</KEY>
       <ENTRY>Server</ENTRY>
       <LENGTH>14</LENGTH>
      </item>
      <item>
       <ID>S</ID>
       <KEY>PA_PASS</KEY>
       <ENTRY>Wachtwoord</ENTRY>
       <LENGTH>18</LENGTH>
      </item>
      <item>
       <ID>S</ID>
       <KEY>PA_USER</KEY>
       <ENTRY>User</ENTRY>
       <LENGTH>12</LENGTH>
      </item>
      <item>
       <ID>S</ID>
       <KEY>PA_MESTY</KEY>
       <ENTRY>.</ENTRY>
       <LENGTH>20</LENGTH>
       <SPLIT>D</SPLIT>
      </item>
      <item>
       <ID>S</ID>
       <KEY>PA_PATH</KEY>
       <ENTRY>.</ENTRY>
       <LENGTH>12</LENGTH>
       <SPLIT>D</SPLIT>
      </item>
      <item>
       <ID>S</ID>
       <KEY>PA_RFCDE</KEY>
       <ENTRY>.</ENTRY>
       <LENGTH>23</LENGTH>
       <SPLIT>D</SPLIT>
      </item>
      <item>
       <ID>S</ID>
       <KEY>PA_SNDLS</KEY>
       <ENTRY>.</ENTRY>
       <LENGTH>22</LENGTH>
       <SPLIT>D</SPLIT>
      </item>
     </TEXTPOOL>
    </item>
   </I18N_TPOOL>
  </asx:values>
 </asx:abap>
</abapGit>
