﻿<?xml version="1.0" encoding="utf-8"?>
<abapGit version="v1.0.0" serializer="LCL_OBJECT_TABL" serializer_version="v1.0.0">
 <asx:abap xmlns:asx="http://www.sap.com/abapxml" version="1.0">
  <asx:values>
   <DD02V>
    <TABNAME>ZTS_TBDLS_FTP</TABNAME>
    <DDLANGUAGE>E</DDLANGUAGE>
    <TABCLASS>INTTAB</TABCLASS>
    <DDTEXT>Logical system</DDTEXT>
    <EXCLASS>1</EXCLASS>
   </DD02V>
   <DD03P_TABLE>
    <DD03P>
     <TABNAME>ZTS_TBDLS_FTP</TABNAME>
     <FIELDNAME>HOST</FIELDNAME>
     <POSITION>0001</POSITION>
     <ROLLNAME>FTP_CNAME</ROLLNAME>
     <ADMINFIELD>0</ADMINFIELD>
     <COMPTYPE>E</COMPTYPE>
    </DD03P>
    <DD03P>
     <TABNAME>ZTS_TBDLS_FTP</TABNAME>
     <FIELDNAME>USER</FIELDNAME>
     <POSITION>0002</POSITION>
     <ROLLNAME>FTP_USER</ROLLNAME>
     <ADMINFIELD>0</ADMINFIELD>
     <COMPTYPE>E</COMPTYPE>
    </DD03P>
    <DD03P>
     <TABNAME>ZTS_TBDLS_FTP</TABNAME>
     <FIELDNAME>PASSWD</FIELDNAME>
     <POSITION>0003</POSITION>
     <ROLLNAME>FTP_PASSWD</ROLLNAME>
     <ADMINFIELD>0</ADMINFIELD>
     <COMPTYPE>E</COMPTYPE>
    </DD03P>
   </DD03P_TABLE>
  </asx:values>
 </asx:abap>
</abapGit>
