﻿<?xml version="1.0" encoding="utf-8"?>
<abapGit version="v1.0.0" serializer="LCL_OBJECT_VIEW" serializer_version="v1.0.0">
 <asx:abap xmlns:asx="http://www.sap.com/abapxml" version="1.0">
  <asx:values>
   <DD25V>
    <VIEWNAME>ZVEDIMSG</VIEWNAME>
    <AS4LOCAL>A</AS4LOCAL>
    <DDLANGUAGE>E</DDLANGUAGE>
    <AGGTYPE>V</AGGTYPE>
    <ROOTTAB>EDIMSG</ROOTTAB>
    <DDTEXT>CA-EDI: Message type for IDOC</DDTEXT>
    <VIEWCLASS>D</VIEWCLASS>
    <VIEWGRANT>R</VIEWGRANT>
   </DD25V>
   <DD26V_TABLE>
    <DD26V>
     <VIEWNAME>ZVEDIMSG</VIEWNAME>
     <TABNAME>EDIMSG</TABNAME>
     <TABPOS>0001</TABPOS>
     <FORTABNAME>EDIMSG</FORTABNAME>
    </DD26V>
    <DD26V>
     <VIEWNAME>ZVEDIMSG</VIEWNAME>
     <TABNAME>EDIMSGT</TABNAME>
     <TABPOS>0002</TABPOS>
    </DD26V>
   </DD26V_TABLE>
   <DD27P_TABLE>
    <DD27P>
     <VIEWFIELD>MESTYP</VIEWFIELD>
     <TABNAME>EDIMSG</TABNAME>
     <FIELDNAME>MESTYP</FIELDNAME>
     <KEYFLAG>X</KEYFLAG>
     <CHECKTABLE>EDMSG</CHECKTABLE>
     <SHLPORIGIN>P</SHLPORIGIN>
    </DD27P>
    <DD27P>
     <VIEWFIELD>IDOCTYP</VIEWFIELD>
     <TABNAME>EDIMSG</TABNAME>
     <FIELDNAME>IDOCTYP</FIELDNAME>
     <KEYFLAG>X</KEYFLAG>
     <CHECKTABLE>EDBAS</CHECKTABLE>
     <SHLPORIGIN>P</SHLPORIGIN>
    </DD27P>
    <DD27P>
     <VIEWFIELD>CIMTYP</VIEWFIELD>
     <TABNAME>EDIMSG</TABNAME>
     <FIELDNAME>CIMTYP</FIELDNAME>
     <KEYFLAG>X</KEYFLAG>
     <CHECKTABLE>EDCIM</CHECKTABLE>
     <SHLPORIGIN>P</SHLPORIGIN>
    </DD27P>
    <DD27P>
     <VIEWFIELD>LANGUA</VIEWFIELD>
     <TABNAME>EDIMSGT</TABNAME>
     <FIELDNAME>LANGUA</FIELDNAME>
     <KEYFLAG>X</KEYFLAG>
     <CHECKTABLE>T002</CHECKTABLE>
     <SHLPORIGIN>P</SHLPORIGIN>
    </DD27P>
    <DD27P>
     <VIEWFIELD>DESCRP</VIEWFIELD>
     <TABNAME>EDIMSGT</TABNAME>
     <FIELDNAME>DESCRP</FIELDNAME>
    </DD27P>
   </DD27P_TABLE>
   <DD28J_TABLE>
    <DD28J>
     <VIEWNAME>ZVEDIMSG</VIEWNAME>
     <LTAB>EDIMSG</LTAB>
     <LFIELD>MESTYP</LFIELD>
     <OPERATOR>EQ</OPERATOR>
     <RTAB>EDIMSGT</RTAB>
     <RFIELD>MESTYP</RFIELD>
     <SOURCE>S</SOURCE>
    </DD28J>
   </DD28J_TABLE>
  </asx:values>
 </asx:abap>
</abapGit>
