﻿<?xml version="1.0" encoding="utf-8"?>
<abapGit version="v1.0.0" serializer="LCL_OBJECT_VIEW" serializer_version="v1.0.0">
 <asx:abap xmlns:asx="http://www.sap.com/abapxml" version="1.0">
  <asx:values>
   <DD25V>
    <VIEWNAME>ZVRFCDES_FTP</VIEWNAME>
    <AS4LOCAL>A</AS4LOCAL>
    <DDLANGUAGE>E</DDLANGUAGE>
    <AGGTYPE>V</AGGTYPE>
    <ROOTTAB>RFCDES</ROOTTAB>
    <DDTEXT>SAP FTP RFC destination</DDTEXT>
    <VIEWCLASS>D</VIEWCLASS>
    <VIEWGRANT>R</VIEWGRANT>
   </DD25V>
   <DD26V_TABLE>
    <DD26V>
     <VIEWNAME>ZVRFCDES_FTP</VIEWNAME>
     <TABNAME>RFCDES</TABNAME>
     <TABPOS>0001</TABPOS>
     <FORTABNAME>RFCDES</FORTABNAME>
    </DD26V>
    <DD26V>
     <VIEWNAME>ZVRFCDES_FTP</VIEWNAME>
     <TABNAME>RFCDOC</TABNAME>
     <TABPOS>0002</TABPOS>
    </DD26V>
   </DD26V_TABLE>
   <DD27P_TABLE>
    <DD27P>
     <VIEWFIELD>RFCDEST</VIEWFIELD>
     <TABNAME>RFCDES</TABNAME>
     <FIELDNAME>RFCDEST</FIELDNAME>
     <KEYFLAG>X</KEYFLAG>
     <SHLPORIGIN>X</SHLPORIGIN>
     <SHLPNAME>F4_RFCDESTYPEALL</SHLPNAME>
     <SHLPFIELD>RFCDEST</SHLPFIELD>
    </DD27P>
    <DD27P>
     <VIEWFIELD>RFCLANG</VIEWFIELD>
     <TABNAME>RFCDOC</TABNAME>
     <FIELDNAME>RFCLANG</FIELDNAME>
     <KEYFLAG>X</KEYFLAG>
     <CHECKTABLE>T002</CHECKTABLE>
     <SHLPORIGIN>P</SHLPORIGIN>
     <SHLPNAME>H_T002</SHLPNAME>
     <SHLPFIELD>SPRAS</SHLPFIELD>
     <LOGFLAG>X</LOGFLAG>
    </DD27P>
    <DD27P>
     <VIEWFIELD>RFCDOC1</VIEWFIELD>
     <TABNAME>RFCDOC</TABNAME>
     <FIELDNAME>RFCDOC1</FIELDNAME>
    </DD27P>
   </DD27P_TABLE>
   <DD28J_TABLE>
    <DD28J>
     <VIEWNAME>ZVRFCDES_FTP</VIEWNAME>
     <LTAB>RFCDES</LTAB>
     <LFIELD>RFCDEST</LFIELD>
     <OPERATOR>EQ</OPERATOR>
     <RTAB>RFCDOC</RTAB>
     <RFIELD>RFCDEST</RFIELD>
     <SOURCE>S</SOURCE>
    </DD28J>
   </DD28J_TABLE>
   <DD28V_TABLE>
    <DD28V>
     <CONDNAME>ZVRFCDES_FTP</CONDNAME>
     <POSITION>0003</POSITION>
     <TABNAME>RFCDES</TABNAME>
     <FIELDNAME>RFCTYPE</FIELDNAME>
     <OPERATOR>EQ</OPERATOR>
     <CONSTANTS>&apos;T&apos;</CONSTANTS>
     <AND_OR>AND</AND_OR>
    </DD28V>
    <DD28V>
     <CONDNAME>ZVRFCDES_FTP</CONDNAME>
     <POSITION>0004</POSITION>
     <TABNAME>RFCDES</TABNAME>
     <FIELDNAME>RFCOPTIONS</FIELDNAME>
     <OPERATOR>LK</OPERATOR>
     <CONSTANTS>&apos;%N=sapftp%&apos;</CONSTANTS>
    </DD28V>
   </DD28V_TABLE>
  </asx:values>
 </asx:abap>
</abapGit>
