﻿<?xml version="1.0" encoding="utf-8"?>
<abapGit version="v1.0.0" serializer="LCL_OBJECT_TOBJ" serializer_version="v1.0.0">
 <asx:abap xmlns:asx="http://www.sap.com/abapxml" version="1.0">
  <asx:values>
   <OBJH>
    <OBJECTNAME>ZVTBDLS</OBJECTNAME>
    <OBJECTTYPE>V</OBJECTTYPE>
    <OBJCATEG>CUSY</OBJCATEG>
    <OBJTRANSP>2</OBJTRANSP>
    <IMPORTABLE>3</IMPORTABLE>
   </OBJH>
   <OBJT>
    <LANGUAGE>E</LANGUAGE>
    <OBJECTNAME>ZVTBDLS</OBJECTNAME>
    <OBJECTTYPE>V</OBJECTTYPE>
    <DDTEXT>Logical system</DDTEXT>
   </OBJT>
   <OBJS>
    <OBJS>
     <OBJECTNAME>ZVTBDLS</OBJECTNAME>
     <OBJECTTYPE>V</OBJECTTYPE>
     <TABNAME>TBDLS</TABNAME>
     <DDIC>X</DDIC>
     <PRIM_TABLE>X</PRIM_TABLE>
    </OBJS>
   </OBJS>
   <TOBJ>
    <TDDAT>
     <TABNAME>ZVTBDLS</TABNAME>
     <CCLASS>SC</CCLASS>
    </TDDAT>
    <TVDIR>
     <TABNAME>ZVTBDLS</TABNAME>
     <AREA>ZMR1M</AREA>
     <TYPE>1</TYPE>
     <LISTE>0001</LISTE>
    </TVDIR>
   </TOBJ>
  </asx:values>
 </asx:abap>
</abapGit>
